{
"lengthUnit": "mil",
"components": {
	"fields": ["COMPONENT_NO", "COMPONENT_NAME", "LAYER", "X_COORDINATE", "Y_COORDINATE", "ANGLE"],
	"rows": [
		[1, "C1", "T", 2047.24, -5228.34, 180],
		[2, "C2", "T", 2470.47, -5275.58, 180],
		[3, "C3", "T", 2729.99, -6184.99, 270],
		[4, "C4", "T", 2579.99, -6184.99, 270],
		[5, "C5", "T", 2470.47, -5187, 180],
		[6, "C6", "T", 2250, -5633.85, 180],
		[7, "D1", "T", 2051.18, -5811.01, 0],
		[8, "D2", "T", 2050, -5940.93, 0],
		[9, "D3", "T", 3228.34, -5314.95, 180],
		[10, "D4", "T", 3287.4, -5511.8, 180],
		[11, "D5", "T", 3346.45, -5708.65, 180],
		[12, "D6", "T", 3405.51, -5905.5, 180],
		[13, "D7", "T", 3484.24, -6102.35, 180],
		[14, "D8", "T", 3661.41, -5905.5, 180],
		[15, "D9", "T", 3789.36, -5708.65, 180],
		[16, "D10", "T", 3917.31, -5905.5, 180],
		[17, "D11", "T", 4094.48, -6102.35, 180],
		[18, "D12", "T", 4173.22, -5905.5, 180],
		[19, "D13", "T", 4232.27, -5708.65, 180],
		[20, "D14", "T", 4291.33, -5511.8, 180],
		[21, "D15", "T", 4350.39, -5314.95, 180],
		[22, "D16", "T", 4763.77, -6102.35, 180],
		[23, "D17", "T", 4763.77, -5905.5, 180],
		[24, "D18", "T", 4763.77, -5708.65, 180],
		[25, "D19", "T", 4763.77, -5511.8, 180],
		[26, "D20", "T", 4763.77, -5314.95, 180],
		[27, "D21", "T", 5039.36, -5314.95, 180],
		[28, "D22", "T", 5314.95, -5393.69, 180],
		[29, "D23", "T", 5314.95, -5590.54, 180],
		[30, "D24", "T", 5039.36, -5752.94, 180],
		[31, "D25", "T", 5728.33, -6107.27, 180],
		[32, "D26", "T", 5728.33, -5910.42, 180],
		[33, "D27", "T", 5728.33, -5713.57, 180],
		[34, "D28", "T", 5728.33, -5516.72, 180],
		[35, "D29", "T", 5728.33, -5319.87, 180],
		[36, "J1", "T", 1973.62, -5039.36, 90],
		[37, "J2", "T", 1973.62, -6397.63, 90],
		[38, "J3", "T", 2355, -6059.99, 270],
		[39, "J4", "T", 1994.44, -5535.7, 270],
		[40, "JP1", "T", 2246.45, -5379.99, 0],
		[41, "R1", "T", 2204.72, -5811.01, 0],
		[42, "R2", "T", 2205, -5940.93, 0],
		[43, "R3", "T", 2250, -5557.67, 180],
		[44, "R4", "T", 2250, -5482.67, 180],
		[45, "R5", "T", 2446.85, -5935.03, 0],
		[46, "R6", "T", 3019.68, -5324.79, 90],
		[47, "SW1", "T", 3181.1, -6362.19, 180],
		[48, "U1", "T", 2675.59, -5599.99, 0],
		[49, "Y1", "T", 2659.99, -6014.99, 180]
	]
},
"pins": {
	"fields": ["PIN_NO", "PIN_NAME", "PIN_X", "PIN_Y", "LAYER", "PIN_TYPE", "NET_NAME", "NET_TYPE", "PAD_SHAPE", "PAD_SIZEX", "PAD_SIZEY", "HOLE_SIZE", "PAD_ANGLE"],
	"rows": [
		[1, "C1_1", 2133.85, -5228.34, "T", "SMD", "+5V", "", "R", 118.11, 62.99, 0, 180],
		[2, "C1_2", 1960.63, -5228.34, "T", "SMD", "GND", "GND", "R", 118.11, 62.99, 0, 180],
		[3, "C2_1", 2511.31, -5275.58, "T", "SMD", "+5V", "", "R", 46.26, 57.09, 0, 180],
		[4, "C2_2", 2429.62, -5275.58, "T", "SMD", "GND", "GND", "R", 46.26, 57.09, 0, 180],
		[5, "C3_1", 2729.99, -6144.14, "T", "SMD", "NET-(U1-XTAL1)", "", "R", 46.26, 57.09, 0, 270],
		[6, "C3_2", 2729.99, -6225.83, "T", "SMD", "GND", "GND", "R", 46.26, 57.09, 0, 270],
		[7, "C4_1", 2579.99, -6144.14, "T", "SMD", "NET-(U1-XTAL2)", "", "R", 46.26, 57.09, 0, 270],
		[8, "C4_2", 2579.99, -6225.83, "T", "SMD", "GND", "GND", "R", 46.26, 57.09, 0, 270],
		[9, "C5_1", 2511.31, -5187, "T", "SMD", "/AREF", "", "R", 46.26, 57.09, 0, 180],
		[10, "C5_2", 2429.62, -5187, "T", "SMD", "GND", "GND", "R", 46.26, 57.09, 0, 180],
		[11, "C6_1", 2290.84, -5633.85, "T", "SMD", "NET-(U1-UCAP)", "", "R", 46.26, 57.09, 0, 180],
		[12, "C6_2", 2209.15, -5633.85, "T", "SMD", "GND", "GND", "R", 46.26, 57.09, 0, 180],
		[13, "D1_1", 2010.82, -5811.01, "T", "SMD", "/TXLED", "", "R", 45.28, 55.12, 0, 0],
		[14, "D1_2", 2091.53, -5811.01, "T", "SMD", "NET-(D1-A)", "", "R", 45.28, 55.12, 0, 0],
		[15, "D2_1", 2009.64, -5940.93, "T", "SMD", "/RXLED", "", "R", 45.28, 55.12, 0, 0],
		[16, "D2_2", 2090.35, -5940.93, "T", "SMD", "NET-(D2-A)", "", "R", 45.28, 55.12, 0, 0],
		[17, "D3_1", 3297.24, -5349.4, "T", "SMD", "NET-(D3-DOUT)", "", "R", 62.99, 33.46, 0, 180],
		[18, "D3_2", 3297.24, -5280.5, "T", "SMD", "GND", "GND", "R", 62.99, 33.46, 0, 180],
		[19, "D3_3", 3159.44, -5280.5, "T", "SMD", "NET-(D3-DIN)", "", "R", 62.99, 33.46, 0, 180],
		[20, "D3_4", 3159.44, -5349.4, "T", "SMD", "+5V", "", "R", 62.99, 33.46, 0, 180],
		[21, "D4_1", 3356.29, -5546.25, "T", "SMD", "NET-(D4-DOUT)", "", "R", 62.99, 33.46, 0, 180],
		[22, "D4_2", 3356.29, -5477.35, "T", "SMD", "GND", "GND", "R", 62.99, 33.46, 0, 180],
		[23, "D4_3", 3218.5, -5477.35, "T", "SMD", "NET-(D3-DOUT)", "", "R", 62.99, 33.46, 0, 180],
		[24, "D4_4", 3218.5, -5546.25, "T", "SMD", "+5V", "", "R", 62.99, 33.46, 0, 180],
		[25, "D5_1", 3415.35, -5743.1, "T", "SMD", "NET-(D5-DOUT)", "", "R", 62.99, 33.46, 0, 180],
		[26, "D5_2", 3415.35, -5674.2, "T", "SMD", "GND", "GND", "R", 62.99, 33.46, 0, 180],
		[27, "D5_3", 3277.55, -5674.2, "T", "SMD", "NET-(D4-DOUT)", "", "R", 62.99, 33.46, 0, 180],
		[28, "D5_4", 3277.55, -5743.1, "T", "SMD", "+5V", "", "R", 62.99, 33.46, 0, 180],
		[29, "D6_1", 3474.4, -5939.95, "T", "SMD", "NET-(D6-DOUT)", "", "R", 62.99, 33.46, 0, 180],
		[30, "D6_2", 3474.4, -5871.05, "T", "SMD", "GND", "GND", "R", 62.99, 33.46, 0, 180],
		[31, "D6_3", 3336.61, -5871.05, "T", "SMD", "NET-(D5-DOUT)", "", "R", 62.99, 33.46, 0, 180],
		[32, "D6_4", 3336.61, -5939.95, "T", "SMD", "+5V", "", "R", 62.99, 33.46, 0, 180],
		[33, "D7_1", 3553.14, -6136.8, "T", "SMD", "NET-(D7-DOUT)", "", "R", 62.99, 33.46, 0, 180],
		[34, "D7_2", 3553.14, -6067.9, "T", "SMD", "GND", "GND", "R", 62.99, 33.46, 0, 180],
		[35, "D7_3", 3415.35, -6067.9, "T", "SMD", "NET-(D6-DOUT)", "", "R", 62.99, 33.46, 0, 180],
		[36, "D7_4", 3415.35, -6136.8, "T", "SMD", "+5V", "", "R", 62.99, 33.46, 0, 180],
		[37, "D8_1", 3730.31, -5939.95, "T", "SMD", "NET-(D8-DOUT)", "", "R", 62.99, 33.46, 0, 180],
		[38, "D8_2", 3730.31, -5871.05, "T", "SMD", "GND", "GND", "R", 62.99, 33.46, 0, 180],
		[39, "D8_3", 3592.51, -5871.05, "T", "SMD", "NET-(D7-DOUT)", "", "R", 62.99, 33.46, 0, 180],
		[40, "D8_4", 3592.51, -5939.95, "T", "SMD", "+5V", "", "R", 62.99, 33.46, 0, 180],
		[41, "D9_1", 3858.26, -5743.1, "T", "SMD", "/D9_DOUT", "", "R", 62.99, 33.46, 0, 180],
		[42, "D9_2", 3858.26, -5674.2, "T", "SMD", "GND", "GND", "R", 62.99, 33.46, 0, 180],
		[43, "D9_3", 3720.47, -5674.2, "T", "SMD", "NET-(D8-DOUT)", "", "R", 62.99, 33.46, 0, 180],
		[44, "D9_4", 3720.47, -5743.1, "T", "SMD", "+5V", "", "R", 62.99, 33.46, 0, 180],
		[45, "D10_1", 3986.21, -5939.95, "T", "SMD", "NET-(D10-DOUT)", "", "R", 62.99, 33.46, 0, 180],
		[46, "D10_2", 3986.21, -5871.05, "T", "SMD", "GND", "GND", "R", 62.99, 33.46, 0, 180],
		[47, "D10_3", 3848.42, -5871.05, "T", "SMD", "/D9_DOUT", "", "R", 62.99, 33.46, 0, 180],
		[48, "D10_4", 3848.42, -5939.95, "T", "SMD", "+5V", "", "R", 62.99, 33.46, 0, 180],
		[49, "D11_1", 4163.38, -6136.8, "T", "SMD", "NET-(D11-DOUT)", "", "R", 62.99, 33.46, 0, 180],
		[50, "D11_2", 4163.38, -6067.9, "T", "SMD", "GND", "GND", "R", 62.99, 33.46, 0, 180],
		[51, "D11_3", 4025.58, -6067.9, "T", "SMD", "NET-(D10-DOUT)", "", "R", 62.99, 33.46, 0, 180],
		[52, "D11_4", 4025.58, -6136.8, "T", "SMD", "+5V", "", "R", 62.99, 33.46, 0, 180],
		[53, "D12_1", 4242.12, -5939.95, "T", "SMD", "NET-(D12-DOUT)", "", "R", 62.99, 33.46, 0, 180],
		[54, "D12_2", 4242.12, -5871.05, "T", "SMD", "GND", "GND", "R", 62.99, 33.46, 0, 180],
		[55, "D12_3", 4104.32, -5871.05, "T", "SMD", "NET-(D11-DOUT)", "", "R", 62.99, 33.46, 0, 180],
		[56, "D12_4", 4104.32, -5939.95, "T", "SMD", "+5V", "", "R", 62.99, 33.46, 0, 180],
		[57, "D13_1", 4301.17, -5743.1, "T", "SMD", "NET-(D13-DOUT)", "", "R", 62.99, 33.46, 0, 180],
		[58, "D13_2", 4301.17, -5674.2, "T", "SMD", "GND", "GND", "R", 62.99, 33.46, 0, 180],
		[59, "D13_3", 4163.38, -5674.2, "T", "SMD", "NET-(D12-DOUT)", "", "R", 62.99, 33.46, 0, 180],
		[60, "D13_4", 4163.38, -5743.1, "T", "SMD", "+5V", "", "R", 62.99, 33.46, 0, 180],
		[61, "D14_1", 4360.23, -5546.25, "T", "SMD", "NET-(D14-DOUT)", "", "R", 62.99, 33.46, 0, 180],
		[62, "D14_2", 4360.23, -5477.35, "T", "SMD", "GND", "GND", "R", 62.99, 33.46, 0, 180],
		[63, "D14_3", 4222.43, -5477.35, "T", "SMD", "NET-(D13-DOUT)", "", "R", 62.99, 33.46, 0, 180],
		[64, "D14_4", 4222.43, -5546.25, "T", "SMD", "+5V", "", "R", 62.99, 33.46, 0, 180],
		[65, "D15_1", 4419.28, -5349.4, "T", "SMD", "NET-(D15-DOUT)", "", "R", 62.99, 33.46, 0, 180],
		[66, "D15_2", 4419.28, -5280.5, "T", "SMD", "GND", "GND", "R", 62.99, 33.46, 0, 180],
		[67, "D15_3", 4281.49, -5280.5, "T", "SMD", "NET-(D14-DOUT)", "", "R", 62.99, 33.46, 0, 180],
		[68, "D15_4", 4281.49, -5349.4, "T", "SMD", "+5V", "", "R", 62.99, 33.46, 0, 180],
		[69, "D16_1", 4832.67, -6136.8, "T", "SMD", "/D16_DOUT", "", "R", 62.99, 33.46, 0, 180],
		[70, "D16_2", 4832.67, -6067.9, "T", "SMD", "GND", "GND", "R", 62.99, 33.46, 0, 180],
		[71, "D16_3", 4694.87, -6067.9, "T", "SMD", "NET-(D15-DOUT)", "", "R", 62.99, 33.46, 0, 180],
		[72, "D16_4", 4694.87, -6136.8, "T", "SMD", "+5V", "", "R", 62.99, 33.46, 0, 180],
		[73, "D17_1", 4832.67, -5939.95, "T", "SMD", "NET-(D17-DOUT)", "", "R", 62.99, 33.46, 0, 180],
		[74, "D17_2", 4832.67, -5871.05, "T", "SMD", "GND", "GND", "R", 62.99, 33.46, 0, 180],
		[75, "D17_3", 4694.87, -5871.05, "T", "SMD", "/D16_DOUT", "", "R", 62.99, 33.46, 0, 180],
		[76, "D17_4", 4694.87, -5939.95, "T", "SMD", "+5V", "", "R", 62.99, 33.46, 0, 180],
		[77, "D18_1", 4832.67, -5743.1, "T", "SMD", "NET-(D18-DOUT)", "", "R", 62.99, 33.46, 0, 180],
		[78, "D18_2", 4832.67, -5674.2, "T", "SMD", "GND", "GND", "R", 62.99, 33.46, 0, 180],
		[79, "D18_3", 4694.87, -5674.2, "T", "SMD", "NET-(D17-DOUT)", "", "R", 62.99, 33.46, 0, 180],
		[80, "D18_4", 4694.87, -5743.1, "T", "SMD", "+5V", "", "R", 62.99, 33.46, 0, 180],
		[81, "D19_1", 4832.67, -5546.25, "T", "SMD", "NET-(D19-DOUT)", "", "R", 62.99, 33.46, 0, 180],
		[82, "D19_2", 4832.67, -5477.35, "T", "SMD", "GND", "GND", "R", 62.99, 33.46, 0, 180],
		[83, "D19_3", 4694.87, -5477.35, "T", "SMD", "NET-(D18-DOUT)", "", "R", 62.99, 33.46, 0, 180],
		[84, "D19_4", 4694.87, -5546.25, "T", "SMD", "+5V", "", "R", 62.99, 33.46, 0, 180],
		[85, "D20_1", 4832.67, -5349.4, "T", "SMD", "NET-(D20-DOUT)", "", "R", 62.99, 33.46, 0, 180],
		[86, "D20_2", 4832.67, -5280.5, "T", "SMD", "GND", "GND", "R", 62.99, 33.46, 0, 180],
		[87, "D20_3", 4694.87, -5280.5, "T", "SMD", "NET-(D19-DOUT)", "", "R", 62.99, 33.46, 0, 180],
		[88, "D20_4", 4694.87, -5349.4, "T", "SMD", "+5V", "", "R", 62.99, 33.46, 0, 180],
		[89, "D21_1", 5108.26, -5349.4, "T", "SMD", "NET-(D21-DOUT)", "", "R", 62.99, 33.46, 0, 180],
		[90, "D21_2", 5108.26, -5280.5, "T", "SMD", "GND", "GND", "R", 62.99, 33.46, 0, 180],
		[91, "D21_3", 4970.46, -5280.5, "T", "SMD", "NET-(D20-DOUT)", "", "R", 62.99, 33.46, 0, 180],
		[92, "D21_4", 4970.46, -5349.4, "T", "SMD", "+5V", "", "R", 62.99, 33.46, 0, 180],
		[93, "D22_1", 5383.85, -5428.14, "T", "SMD", "NET-(D22-DOUT)", "", "R", 62.99, 33.46, 0, 180],
		[94, "D22_2", 5383.85, -5359.24, "T", "SMD", "GND", "GND", "R", 62.99, 33.46, 0, 180],
		[95, "D22_3", 5246.05, -5359.24, "T", "SMD", "NET-(D21-DOUT)", "", "R", 62.99, 33.46, 0, 180],
		[96, "D22_4", 5246.05, -5428.14, "T", "SMD", "+5V", "", "R", 62.99, 33.46, 0, 180],
		[97, "D23_1", 5383.85, -5624.99, "T", "SMD", "/D23_DOUT", "", "R", 62.99, 33.46, 0, 180],
		[98, "D23_2", 5383.85, -5556.09, "T", "SMD", "GND", "GND", "R", 62.99, 33.46, 0, 180],
		[99, "D23_3", 5246.05, -5556.09, "T", "SMD", "NET-(D22-DOUT)", "", "R", 62.99, 33.46, 0, 180],
		[100, "D23_4", 5246.05, -5624.99, "T", "SMD", "+5V", "", "R", 62.99, 33.46, 0, 180],
		[101, "D24_1", 5108.26, -5787.39, "T", "SMD", "NET-(D24-DOUT)", "", "R", 62.99, 33.46, 0, 180],
		[102, "D24_2", 5108.26, -5718.49, "T", "SMD", "GND", "GND", "R", 62.99, 33.46, 0, 180],
		[103, "D24_3", 4970.46, -5718.49, "T", "SMD", "/D23_DOUT", "", "R", 62.99, 33.46, 0, 180],
		[104, "D24_4", 4970.46, -5787.39, "T", "SMD", "+5V", "", "R", 62.99, 33.46, 0, 180],
		[105, "D25_1", 5797.23, -6141.72, "T", "SMD", "NET-(D25-DOUT)", "", "R", 62.99, 33.46, 0, 180],
		[106, "D25_2", 5797.23, -6072.82, "T", "SMD", "GND", "GND", "R", 62.99, 33.46, 0, 180],
		[107, "D25_3", 5659.44, -6072.82, "T", "SMD", "NET-(D24-DOUT)", "", "R", 62.99, 33.46, 0, 180],
		[108, "D25_4", 5659.44, -6141.72, "T", "SMD", "+5V", "", "R", 62.99, 33.46, 0, 180],
		[109, "D26_1", 5797.23, -5944.87, "T", "SMD", "NET-(D26-DOUT)", "", "R", 62.99, 33.46, 0, 180],
		[110, "D26_2", 5797.23, -5875.97, "T", "SMD", "GND", "GND", "R", 62.99, 33.46, 0, 180],
		[111, "D26_3", 5659.44, -5875.97, "T", "SMD", "NET-(D25-DOUT)", "", "R", 62.99, 33.46, 0, 180],
		[112, "D26_4", 5659.44, -5944.87, "T", "SMD", "+5V", "", "R", 62.99, 33.46, 0, 180],
		[113, "D27_1", 5797.23, -5748.02, "T", "SMD", "NET-(D27-DOUT)", "", "R", 62.99, 33.46, 0, 180],
		[114, "D27_2", 5797.23, -5679.12, "T", "SMD", "GND", "GND", "R", 62.99, 33.46, 0, 180],
		[115, "D27_3", 5659.44, -5679.12, "T", "SMD", "NET-(D26-DOUT)", "", "R", 62.99, 33.46, 0, 180],
		[116, "D27_4", 5659.44, -5748.02, "T", "SMD", "+5V", "", "R", 62.99, 33.46, 0, 180],
		[117, "D28_1", 5797.23, -5551.17, "T", "SMD", "NET-(D28-DOUT)", "", "R", 62.99, 33.46, 0, 180],
		[118, "D28_2", 5797.23, -5482.27, "T", "SMD", "GND", "GND", "R", 62.99, 33.46, 0, 180],
		[119, "D28_3", 5659.44, -5482.27, "T", "SMD", "NET-(D27-DOUT)", "", "R", 62.99, 33.46, 0, 180],
		[120, "D28_4", 5659.44, -5551.17, "T", "SMD", "+5V", "", "R", 62.99, 33.46, 0, 180],
		[121, "D29_1", 5797.23, -5354.32, "T", "SMD", "UNCONNECTED-(D29-DOUT-PAD1)", "", "R", 62.99, 33.46, 0, 180],
		[122, "D29_2", 5797.23, -5285.42, "T", "SMD", "GND", "GND", "R", 62.99, 33.46, 0, 180],
		[123, "D29_3", 5659.44, -5285.42, "T", "SMD", "NET-(D28-DOUT)", "", "R", 62.99, 33.46, 0, 180],
		[124, "D29_4", 5659.44, -5354.32, "T", "SMD", "+5V", "", "R", 62.99, 33.46, 0, 180],
		[125, "J1_1", 1973.62, -5039.36, "T", "DIP", "+5V", "", "R", 66.93, 66.93, 39.37, 90],
		[126, "J1_1", 1973.62, -5039.36, "B", "DIP", "+5V", "", "R", 66.93, 66.93, 39.37, 90],
		[127, "J1_2", 2073.62, -5039.36, "T", "DIP", "/AREF", "", "C", 66.93, 66.93, 39.37, 90],
		[128, "J1_2", 2073.62, -5039.36, "B", "DIP", "/AREF", "", "C", 66.93, 66.93, 39.37, 90],
		[129, "J1_3", 2173.62, -5039.36, "T", "DIP", "GND", "GND", "C", 66.93, 66.93, 39.37, 90],
		[130, "J1_3", 2173.62, -5039.36, "B", "DIP", "GND", "GND", "C", 66.93, 66.93, 39.37, 90],
		[131, "J1_4", 2273.62, -5039.36, "T", "DIP", "/A5", "", "C", 66.93, 66.93, 39.37, 90],
		[132, "J1_4", 2273.62, -5039.36, "B", "DIP", "/A5", "", "C", 66.93, 66.93, 39.37, 90],
		[133, "J1_5", 2373.62, -5039.36, "T", "DIP", "/A4", "", "C", 66.93, 66.93, 39.37, 90],
		[134, "J1_5", 2373.62, -5039.36, "B", "DIP", "/A4", "", "C", 66.93, 66.93, 39.37, 90],
		[135, "J1_6", 2473.62, -5039.36, "T", "DIP", "/A3", "", "C", 66.93, 66.93, 39.37, 90],
		[136, "J1_6", 2473.62, -5039.36, "B", "DIP", "/A3", "", "C", 66.93, 66.93, 39.37, 90],
		[137, "J1_7", 2573.62, -5039.36, "T", "DIP", "/A2", "", "C", 66.93, 66.93, 39.37, 90],
		[138, "J1_7", 2573.62, -5039.36, "B", "DIP", "/A2", "", "C", 66.93, 66.93, 39.37, 90],
		[139, "J1_8", 2673.62, -5039.36, "T", "DIP", "/A1", "", "C", 66.93, 66.93, 39.37, 90],
		[140, "J1_8", 2673.62, -5039.36, "B", "DIP", "/A1", "", "C", 66.93, 66.93, 39.37, 90],
		[141, "J1_9", 2773.62, -5039.36, "T", "DIP", "/A0", "", "C", 66.93, 66.93, 39.37, 90],
		[142, "J1_9", 2773.62, -5039.36, "B", "DIP", "/A0", "", "C", 66.93, 66.93, 39.37, 90],
		[143, "J1_10", 2873.62, -5039.36, "T", "DIP", "/D13", "", "C", 66.93, 66.93, 39.37, 90],
		[144, "J1_10", 2873.62, -5039.36, "B", "DIP", "/D13", "", "C", 66.93, 66.93, 39.37, 90],
		[145, "J2_1", 1973.62, -6397.63, "T", "DIP", "GND", "GND", "R", 66.93, 66.93, 39.37, 90],
		[146, "J2_1", 1973.62, -6397.63, "B", "DIP", "GND", "GND", "R", 66.93, 66.93, 39.37, 90],
		[147, "J2_2", 2073.62, -6397.63, "T", "DIP", "/D3", "", "C", 66.93, 66.93, 39.37, 90],
		[148, "J2_2", 2073.62, -6397.63, "B", "DIP", "/D3", "", "C", 66.93, 66.93, 39.37, 90],
		[149, "J2_3", 2173.62, -6397.63, "T", "DIP", "/D2", "", "C", 66.93, 66.93, 39.37, 90],
		[150, "J2_3", 2173.62, -6397.63, "B", "DIP", "/D2", "", "C", 66.93, 66.93, 39.37, 90],
		[151, "J2_4", 2273.62, -6397.63, "T", "DIP", "/D1", "", "C", 66.93, 66.93, 39.37, 90],
		[152, "J2_4", 2273.62, -6397.63, "B", "DIP", "/D1", "", "C", 66.93, 66.93, 39.37, 90],
		[153, "J2_5", 2373.62, -6397.63, "T", "DIP", "/D0", "", "C", 66.93, 66.93, 39.37, 90],
		[154, "J2_5", 2373.62, -6397.63, "B", "DIP", "/D0", "", "C", 66.93, 66.93, 39.37, 90],
		[155, "J2_6", 2473.62, -6397.63, "T", "DIP", "/D11", "", "C", 66.93, 66.93, 39.37, 90],
		[156, "J2_6", 2473.62, -6397.63, "B", "DIP", "/D11", "", "C", 66.93, 66.93, 39.37, 90],
		[157, "J2_7", 2573.62, -6397.63, "T", "DIP", "/D4", "", "C", 66.93, 66.93, 39.37, 90],
		[158, "J2_7", 2573.62, -6397.63, "B", "DIP", "/D4", "", "C", 66.93, 66.93, 39.37, 90],
		[159, "J2_8", 2673.62, -6397.63, "T", "DIP", "/D8", "", "C", 66.93, 66.93, 39.37, 90],
		[160, "J2_8", 2673.62, -6397.63, "B", "DIP", "/D8", "", "C", 66.93, 66.93, 39.37, 90],
		[161, "J2_9", 2773.62, -6397.63, "T", "DIP", "/D9", "", "C", 66.93, 66.93, 39.37, 90],
		[162, "J2_9", 2773.62, -6397.63, "B", "DIP", "/D9", "", "C", 66.93, 66.93, 39.37, 90],
		[163, "J2_10", 2873.62, -6397.63, "T", "DIP", "/D10", "", "C", 66.93, 66.93, 39.37, 90],
		[164, "J2_10", 2873.62, -6397.63, "B", "DIP", "/D10", "", "C", 66.93, 66.93, 39.37, 90],
		[165, "J3_1", 2355, -6059.99, "T", "DIP", "/MISO", "", "R", 66.93, 66.93, 39.37, 270],
		[166, "J3_1", 2355, -6059.99, "B", "DIP", "/MISO", "", "R", 66.93, 66.93, 39.37, 270],
		[167, "J3_2", 2355, -6159.99, "T", "DIP", "+5V", "", "C", 66.93, 66.93, 39.37, 270],
		[168, "J3_2", 2355, -6159.99, "B", "DIP", "+5V", "", "C", 66.93, 66.93, 39.37, 270],
		[169, "J3_3", 2255, -6059.99, "T", "DIP", "/SCK", "", "C", 66.93, 66.93, 39.37, 270],
		[170, "J3_3", 2255, -6059.99, "B", "DIP", "/SCK", "", "C", 66.93, 66.93, 39.37, 270],
		[171, "J3_4", 2255, -6159.99, "T", "DIP", "/MOSI", "", "C", 66.93, 66.93, 39.37, 270],
		[172, "J3_4", 2255, -6159.99, "B", "DIP", "/MOSI", "", "C", 66.93, 66.93, 39.37, 270],
		[173, "J3_5", 2155, -6059.99, "T", "DIP", "/RESET", "", "C", 66.93, 66.93, 39.37, 270],
		[174, "J3_5", 2155, -6059.99, "B", "DIP", "/RESET", "", "C", 66.93, 66.93, 39.37, 270],
		[175, "J3_6", 2155, -6159.99, "T", "DIP", "GND", "GND", "C", 66.93, 66.93, 39.37, 270],
		[176, "J3_6", 2155, -6159.99, "B", "DIP", "GND", "GND", "C", 66.93, 66.93, 39.37, 270],
		[177, "J4_1", 2051.53, -5484.52, "T", "SMD", "NET-(J4-VBUS)", "", "R", 15.75, 55.12, 0, 270],
		[178, "J4_2", 2051.53, -5510.11, "T", "SMD", "/U_D-", "", "R", 15.75, 55.12, 0, 270],
		[179, "J4_3", 2051.53, -5535.7, "T", "SMD", "/U_D+", "", "R", 15.75, 55.12, 0, 270],
		[180, "J4_4", 2051.53, -5561.29, "T", "SMD", "UNCONNECTED-(J4-ID-PAD4)", "", "R", 15.75, 55.12, 0, 270],
		[181, "J4_5", 2051.53, -5586.88, "T", "SMD", "GND", "GND", "R", 15.75, 55.12, 0, 270],
		[182, "J4_6", 1947.2, -5394.95, "T", "DIP", "UNCONNECTED-(J4-SHIELD-PAD6)_4", "", "O", 41.34, 74.8, 49.21, 90],
		[183, "J4_6", 1947.2, -5394.95, "B", "DIP", "UNCONNECTED-(J4-SHIELD-PAD6)_4", "", "O", 41.34, 74.8, 49.21, 90],
		[184, "J4_6", 2035, -5444.36, "T", "SMD", "UNCONNECTED-(J4-SHIELD-PAD6)_3", "", "R", 45.28, 57.09, 0, 270],
		[185, "J4_6", 1947.2, -5491.41, "T", "SMD", "UNCONNECTED-(J4-SHIELD-PAD6)_1", "", "R", 68.9, 74.8, 0, 270],
		[186, "J4_6", 1947.2, -5579.99, "T", "SMD", "UNCONNECTED-(J4-SHIELD-PAD6)_2", "", "R", 68.9, 74.8, 0, 270],
		[187, "J4_6", 2035, -5627.04, "T", "SMD", "UNCONNECTED-(J4-SHIELD-PAD6)_5", "", "R", 45.28, 57.09, 0, 270],
		[188, "J4_6", 1947.2, -5676.45, "T", "DIP", "UNCONNECTED-(J4-SHIELD-PAD6)", "", "O", 41.34, 74.8, 49.21, 270],
		[189, "J4_6", 1947.2, -5676.45, "B", "DIP", "UNCONNECTED-(J4-SHIELD-PAD6)", "", "O", 41.34, 74.8, 49.21, 270],
		[190, "JP1_1", 2217.91, -5379.99, "T", "SMD", "NET-(J4-VBUS)", "", "P", 59.05, 59.06, 0, 0],
		[191, "JP1_2", 2275, -5379.99, "T", "SMD", "+5V", "", "P", 45.28, 59.06, 0, 0],
		[192, "R1_1", 2165.35, -5811.01, "T", "SMD", "NET-(D1-A)", "", "R", 47.24, 55.12, 0, 0],
		[193, "R1_2", 2244.09, -5811.01, "T", "SMD", "+5V", "", "R", 47.24, 55.12, 0, 0],
		[194, "R2_1", 2165.63, -5940.93, "T", "SMD", "NET-(D2-A)", "", "R", 47.24, 55.12, 0, 0],
		[195, "R2_2", 2244.37, -5940.93, "T", "SMD", "+5V", "", "R", 47.24, 55.12, 0, 0],
		[196, "R3_1", 2289.37, -5557.67, "T", "SMD", "/D+", "", "R", 47.24, 55.12, 0, 180],
		[197, "R3_2", 2210.63, -5557.67, "T", "SMD", "/U_D+", "", "R", 47.24, 55.12, 0, 180],
		[198, "R4_1", 2289.37, -5482.67, "T", "SMD", "/D-", "", "R", 47.24, 55.12, 0, 180],
		[199, "R4_2", 2210.63, -5482.67, "T", "SMD", "/U_D-", "", "R", 47.24, 55.12, 0, 180],
		[200, "R5_1", 2407.48, -5935.03, "T", "SMD", "+5V", "", "R", 47.24, 55.12, 0, 0],
		[201, "R5_2", 2486.22, -5935.03, "T", "SMD", "/RESET", "", "R", 47.24, 55.12, 0, 0],
		[202, "R6_1", 3019.68, -5364.16, "T", "SMD", "/LED_DIN", "", "R", 47.24, 55.12, 0, 90],
		[203, "R6_2", 3019.68, -5285.42, "T", "SMD", "NET-(D3-DIN)", "", "R", 47.24, 55.12, 0, 90],
		[204, "SW1_1", 3284.44, -6425.18, "T", "SMD", "GND", "GND", "R", 61.02, 39.37, 0, 180],
		[205, "SW1_1", 3077.75, -6425.18, "T", "SMD", "GND", "GND", "R", 61.02, 39.37, 0, 180],
		[206, "SW1_2", 3284.44, -6299.2, "T", "SMD", "/BUTTON", "", "R", 61.02, 39.37, 0, 180],
		[207, "SW1_2", 3077.75, -6299.2, "T", "SMD", "/BUTTON", "", "R", 61.02, 39.37, 0, 180],
		[208, "U1_1", 2451.18, -5442.51, "T", "SMD", "/BUTTON", "", "R", 59.05, 21.65, 0, 0],
		[209, "U1_2", 2451.18, -5474, "T", "SMD", "+5V", "", "R", 59.05, 21.65, 0, 0],
		[210, "U1_3", 2451.18, -5505.5, "T", "SMD", "/D-", "", "R", 59.05, 21.65, 0, 0],
		[211, "U1_4", 2451.18, -5537, "T", "SMD", "/D+", "", "R", 59.05, 21.65, 0, 0],
		[212, "U1_5", 2451.18, -5568.49, "T", "SMD", "GND", "GND", "R", 59.05, 21.65, 0, 0],
		[213, "U1_6", 2451.18, -5599.99, "T", "SMD", "NET-(U1-UCAP)", "", "R", 59.05, 21.65, 0, 0],
		[214, "U1_7", 2451.18, -5631.48, "T", "SMD", "+5V", "", "R", 59.05, 21.65, 0, 0],
		[215, "U1_8", 2451.18, -5662.98, "T", "SMD", "/RXLED", "", "R", 59.05, 21.65, 0, 0],
		[216, "U1_9", 2451.18, -5694.48, "T", "SMD", "/SCK", "", "R", 59.05, 21.65, 0, 0],
		[217, "U1_10", 2451.18, -5725.97, "T", "SMD", "/MOSI", "", "R", 59.05, 21.65, 0, 0],
		[218, "U1_11", 2451.18, -5757.47, "T", "SMD", "/MISO", "", "R", 59.05, 21.65, 0, 0],
		[219, "U1_12", 2518.11, -5824.4, "T", "SMD", "/D11", "", "R", 59.05, 21.65, 0, 90],
		[220, "U1_13", 2549.6, -5824.4, "T", "SMD", "/RESET", "", "R", 59.05, 21.65, 0, 90],
		[221, "U1_14", 2581.1, -5824.4, "T", "SMD", "+5V", "", "R", 59.05, 21.65, 0, 90],
		[222, "U1_15", 2612.59, -5824.4, "T", "SMD", "GND", "GND", "R", 59.05, 21.65, 0, 90],
		[223, "U1_16", 2644.09, -5824.4, "T", "SMD", "NET-(U1-XTAL2)", "", "R", 59.05, 21.65, 0, 90],
		[224, "U1_17", 2675.59, -5824.4, "T", "SMD", "NET-(U1-XTAL1)", "", "R", 59.05, 21.65, 0, 90],
		[225, "U1_18", 2707.08, -5824.4, "T", "SMD", "/D3", "", "R", 59.05, 21.65, 0, 90],
		[226, "U1_19", 2738.58, -5824.4, "T", "SMD", "/D2", "", "R", 59.05, 21.65, 0, 90],
		[227, "U1_20", 2770.07, -5824.4, "T", "SMD", "/D0", "", "R", 59.05, 21.65, 0, 90],
		[228, "U1_21", 2801.57, -5824.4, "T", "SMD", "/D1", "", "R", 59.05, 21.65, 0, 90],
		[229, "U1_22", 2833.07, -5824.4, "T", "SMD", "/TXLED", "", "R", 59.05, 21.65, 0, 90],
		[230, "U1_23", 2899.99, -5757.47, "T", "SMD", "GND", "GND", "R", 59.05, 21.65, 0, 0],
		[231, "U1_24", 2899.99, -5725.97, "T", "SMD", "+5V", "", "R", 59.05, 21.65, 0, 0],
		[232, "U1_25", 2899.99, -5694.48, "T", "SMD", "/D4", "", "R", 59.05, 21.65, 0, 0],
		[233, "U1_26", 2899.99, -5662.98, "T", "SMD", "UNCONNECTED-(U1-PD6-PAD26)", "", "R", 59.05, 21.65, 0, 0],
		[234, "U1_27", 2899.99, -5631.48, "T", "SMD", "UNCONNECTED-(U1-PD7-PAD27)", "", "R", 59.05, 21.65, 0, 0],
		[235, "U1_28", 2899.99, -5599.99, "T", "SMD", "/D8", "", "R", 59.05, 21.65, 0, 0],
		[236, "U1_29", 2899.99, -5568.49, "T", "SMD", "/D9", "", "R", 59.05, 21.65, 0, 0],
		[237, "U1_30", 2899.99, -5537, "T", "SMD", "/D10", "", "R", 59.05, 21.65, 0, 0],
		[238, "U1_31", 2899.99, -5505.5, "T", "SMD", "/LED_DIN", "", "R", 59.05, 21.65, 0, 0],
		[239, "U1_32", 2899.99, -5474, "T", "SMD", "/D13", "", "R", 59.05, 21.65, 0, 0],
		[240, "U1_33", 2899.99, -5442.51, "T", "SMD", "GND", "GND", "R", 59.05, 21.65, 0, 0],
		[241, "U1_34", 2833.07, -5375.58, "T", "SMD", "+5V", "", "R", 59.05, 21.65, 0, 90],
		[242, "U1_35", 2801.57, -5375.58, "T", "SMD", "GND", "GND", "R", 59.05, 21.65, 0, 90],
		[243, "U1_36", 2770.07, -5375.58, "T", "SMD", "/A0", "", "R", 59.05, 21.65, 0, 90],
		[244, "U1_37", 2738.58, -5375.58, "T", "SMD", "/A1", "", "R", 59.05, 21.65, 0, 90],
		[245, "U1_38", 2707.08, -5375.58, "T", "SMD", "/A2", "", "R", 59.05, 21.65, 0, 90],
		[246, "U1_39", 2675.59, -5375.58, "T", "SMD", "/A3", "", "R", 59.05, 21.65, 0, 90],
		[247, "U1_40", 2644.09, -5375.58, "T", "SMD", "/A4", "", "R", 59.05, 21.65, 0, 90],
		[248, "U1_41", 2612.59, -5375.58, "T", "SMD", "/A5", "", "R", 59.05, 21.65, 0, 90],
		[249, "U1_42", 2581.1, -5375.58, "T", "SMD", "/AREF", "", "R", 59.05, 21.65, 0, 90],
		[250, "U1_43", 2549.6, -5375.58, "T", "SMD", "GND", "GND", "R", 59.05, 21.65, 0, 90],
		[251, "U1_44", 2518.11, -5375.58, "T", "SMD", "+5V", "", "R", 59.05, 21.65, 0, 90],
		[252, "Y1_1", 2732.83, -6014.99, "T", "SMD", "NET-(U1-XTAL1)", "", "R", 78.74, 94.49, 0, 180],
		[253, "Y1_2", 2587.16, -6014.99, "T", "SMD", "NET-(U1-XTAL2)", "", "R", 78.74, 94.49, 0, 180]
	]
}
}